datetime,actual_demand,predicted_demand
2022-10-08 17:00:00,48612,48327.934
2022-10-08 18:00:00,42358,42249.418
2022-10-08 19:00:00,37869,37801.086
2022-10-08 20:00:00,30289,30117.45
2022-10-08 21:00:00,18716,18552.945
2022-10-08 22:00:00,15527,15422.737
2022-10-08 23:00:00,17307,16943.852
2022-10-09 00:00:00,13457,13227.297
2022-10-09 01:00:00,6931,6995.991
2022-10-09 02:00:00,4175,4157.3696
2022-10-09 03:00:00,1068,1162.5168
2022-10-09 04:00:00,896,945.5992
2022-10-09 05:00:00,2575,2597.5356
2022-10-09 06:00:00,4711,4678.5806
2022-10-09 07:00:00,5878,5943.2026
2022-10-09 08:00:00,9283,9279.041
2022-10-09 09:00:00,12683,12623.35
2022-10-09 10:00:00,18114,18003.836
2022-10-09 11:00:00,24336,24227.953
2022-10-09 12:00:00,30101,29898.086
2022-10-09 13:00:00,34450,34165.28
2022-10-09 14:00:00,38584,38376.555
2022-10-09 15:00:00,36737,36763.47
2022-10-09 16:00:00,40242,40173.2
2022-10-09 17:00:00,40373,40219.14
2022-10-09 18:00:00,39723,39461.758
2022-10-09 19:00:00,27217,27488.234
2022-10-09 20:00:00,24733,24590.857
2022-10-09 21:00:00,14199,14387.867
2022-10-09 22:00:00,10865,10924.285
2022-10-09 23:00:00,5760,5796.711
2022-10-10 00:00:00,10142,10039.439
2022-10-10 01:00:00,5943,6014.887
2022-10-10 02:00:00,4369,4309.8145
2022-10-10 03:00:00,1028,1133.3002
2022-10-10 04:00:00,3547,3566.231
2022-10-10 05:00:00,15657,15232.986
2022-10-10 06:00:00,36893,36631.496
2022-10-10 07:00:00,90012,85356.18
2022-10-10 08:00:00,48009,47558.17
2022-10-10 09:00:00,33569,33415.73
2022-10-10 10:00:00,34853,34605.855
2022-10-10 11:00:00,33657,33484.02
2022-10-10 12:00:00,41412,41132.11
2022-10-10 13:00:00,57936,57461.76
2022-10-10 14:00:00,51089,50882.375
2022-10-10 15:00:00,60744,60034.895
2022-10-10 16:00:00,68637,67481.39
2022-10-10 17:00:00,59628,58946.37
2022-10-10 18:00:00,45051,44977.562
2022-10-10 19:00:00,31874,31691.885
2022-10-10 20:00:00,22681,22738.7
2022-10-10 21:00:00,15449,15445.694
2022-10-10 22:00:00,10505,10524.149
2022-10-10 23:00:00,5511,5597.0464
2022-10-11 00:00:00,3057,3302.9695
2022-10-11 01:00:00,934,1083.3577
2022-10-11 02:00:00,98,133.40482
2022-10-11 03:00:00,33,93.473
2022-10-11 04:00:00,3383,3440.4849
2022-10-11 05:00:00,14813,15013.044
2022-10-11 06:00:00,39940,39391.016
2022-10-11 07:00:00,78891,81526.59
2022-10-11 08:00:00,49564,49326.02
2022-10-11 09:00:00,36958,37247.74
2022-10-11 10:00:00,30371,30784.064
2022-10-11 11:00:00,21446,21839.344
2022-10-11 12:00:00,36460,36390.832
2022-10-11 13:00:00,53390,53100.207
2022-10-11 14:00:00,48133,48171.64
2022-10-11 15:00:00,64510,63733.484
2022-10-11 16:00:00,72341,71424.16
2022-10-11 17:00:00,62827,62777.848
2022-10-11 18:00:00,40435,40302.65
2022-10-11 19:00:00,27813,27758.336
2022-10-11 20:00:00,21620,21470.033
2022-10-11 21:00:00,14729,14787.875
2022-10-11 22:00:00,13733,13553.841
2022-10-11 23:00:00,8303,8310.485
2022-10-12 00:00:00,3434,3456.5813
2022-10-12 01:00:00,682,744.6928
2022-10-12 02:00:00,14,59.041164
2022-10-12 03:00:00,46,85.23357
2022-10-12 04:00:00,2440,2453.432
2022-10-12 05:00:00,16331,16149.338
2022-10-12 06:00:00,39376,38886.758
2022-10-12 07:00:00,99933,90737.21
2022-10-12 08:00:00,49291,49347.586
2022-10-12 09:00:00,42205,42324.54
2022-10-12 10:00:00,37257,37237.81
2022-10-12 11:00:00,36267,36091.85
2022-10-12 12:00:00,47873,47748.457
2022-10-12 13:00:00,67295,66594.55
2022-10-12 14:00:00,51286,51409.26
2022-10-12 15:00:00,66238,65156.36
2022-10-12 16:00:00,65775,65331.934
2022-10-12 17:00:00,58239,58335.84
2022-10-12 18:00:00,45102,45255.938
2022-10-12 19:00:00,34165,34093.38
2022-10-12 20:00:00,25884,25706.17
2022-10-12 21:00:00,16353,16307.499
2022-10-12 22:00:00,15104,15080.7295
2022-10-12 23:00:00,7416,7547.398
2022-10-13 00:00:00,4065,4040.413
2022-10-13 01:00:00,842,899.0992
2022-10-13 02:00:00,117,164.03125
2022-10-13 03:00:00,48,85.23357
2022-10-13 04:00:00,4601,4624.4717
2022-10-13 05:00:00,17183,17198.482
2022-10-13 06:00:00,39744,39245.758
2022-10-13 07:00:00,98709,91168.41
2022-10-13 08:00:00,55106,54723.24
2022-10-13 09:00:00,39734,40326.164
2022-10-13 10:00:00,34074,34200.25
2022-10-13 11:00:00,36158,36279.22
2022-10-13 12:00:00,44563,44576.934
2022-10-13 13:00:00,54459,53964.695
2022-10-13 14:00:00,42144,42122.5
2022-10-13 15:00:00,63602,63532.152
2022-10-13 16:00:00,72939,71442.055
2022-10-13 17:00:00,61750,61702.992
2022-10-13 18:00:00,48022,47904.66
2022-10-13 19:00:00,34292,34514.016
2022-10-13 20:00:00,24527,24590.188
2022-10-13 21:00:00,18961,18819.307
2022-10-13 22:00:00,11985,12097.951
2022-10-13 23:00:00,10575,10464.3955
2022-10-14 00:00:00,4755,4698.8857
2022-10-14 01:00:00,2029,2000.0798
2022-10-14 02:00:00,48,152.55228
2022-10-14 03:00:00,12,59.041164
2022-10-14 04:00:00,2189,2234.7769
2022-10-14 05:00:00,13696,13703.302
2022-10-14 06:00:00,37342,36980.73
2022-10-14 07:00:00,90358,86018.24
2022-10-14 08:00:00,47248,47237.254
2022-10-14 09:00:00,40041,39843.06
2022-10-14 10:00:00,33423,33382.965
2022-10-14 11:00:00,42585,42699.76
2022-10-14 12:00:00,52370,52499.414
2022-10-14 13:00:00,71732,71247.2
2022-10-14 14:00:00,62347,62417.06
2022-10-14 15:00:00,65660,65223.46
2022-10-14 16:00:00,53278,53341.22
2022-10-14 17:00:00,53442,53247.137
2022-10-14 18:00:00,48239,47952.02
2022-10-14 19:00:00,40924,40793.746
2022-10-14 20:00:00,27896,28007.566
2022-10-14 21:00:00,23095,22927.73
2022-10-14 22:00:00,21301,21091.12
2022-10-14 23:00:00,16547,16385.96
2022-10-15 00:00:00,5341,5440.8584
2022-10-15 01:00:00,1490,1506.8396
2022-10-15 02:00:00,54,110.21277
2022-10-15 03:00:00,86,121.76946
2022-10-15 04:00:00,2303,2330.863
2022-10-15 05:00:00,6396,6358.296
2022-10-15 06:00:00,7437,7485.238
2022-10-15 07:00:00,8973,9076.249
2022-10-15 08:00:00,16549,16356.452
2022-10-15 09:00:00,21782,21768.928
2022-10-15 10:00:00,34582,34269.89
2022-10-15 11:00:00,42614,42475.73
2022-10-15 12:00:00,38564,38580.957
2022-10-15 13:00:00,43219,43296.92
2022-10-15 14:00:00,45619,45568.85
2022-10-15 15:00:00,50634,50357.457
2022-10-15 16:00:00,50049,50206.28
